时间,正向有功电能,A相电流,B相电流,C相电流,A相有功功率,B相有功功率,C相有功功率,视在功率,负载率
2025-06-01 00:00:00,9215940.0,426.24,445.57,561.91,95.46,99.93,126.97,330.36,0.264288
2025-06-01 01:00:00,9216270.0,393.85,447.48,535.16,88.51,100.62,121.57,320.59,0.256472
2025-06-01 02:00:00,9216579.0,373.9,419.1,519.39,84.6,95.11,118.83,306.91,0.24552800000000002
2025-06-01 03:00:00,9216908.0,423.06,480.36,601.83,94.36,107.21,135.1,353.0,0.2824
2025-06-01 04:00:00,9217232.0,390.27,463.63,555.34,87.63,104.43,125.72,331.83,0.265464
2025-06-01 05:00:00,9217581.0,417.88,473.25,592.72,93.44,106.42,133.29,349.02,0.27921599999999996
2025-06-01 06:00:00,9217907.0,458.84,502.47,591.82,103.09,111.8,132.53,365.54,0.292432
2025-06-01 08:00:00,9218663.0,628.86,743.56,862.43,140.52,166.35,192.75,512.43,0.409944
2025-06-01 09:00:00,9219197.0,636.92,804.99,982.94,143.66,181.35,222.42,557.65,0.44611999999999996
2025-06-01 10:00:00,9219743.0,626.73,784.67,933.03,144.46,180.13,215.62,549.15,0.43932
2025-06-01 11:00:00,9220282.0,656.79,837.5,971.6,148.93,189.69,220.83,573.44,0.45875200000000005
2025-06-01 12:00:00,9220848.0,702.51,833.84,992.67,159.06,188.64,225.37,587.05,0.46963999999999995
2025-06-01 13:00:00,9221394.0,624.68,759.1,861.11,141.18,171.24,194.11,521.52,0.417216
2025-06-01 14:00:00,9221920.0,589.99,730.88,864.44,133.96,165.63,197.34,506.5,0.4052
2025-06-01 15:00:00,9222467.0,751.42,915.3,1079.02,168.47,205.85,242.36,635.69,0.508552
2025-06-01 17:00:00,9223599.0,570.14,726.12,821.96,128.97,164.75,186.65,492.04,0.39363200000000004
2025-06-01 18:00:00,9224059.0,522.32,652.29,783.68,118.97,148.01,178.87,456.45,0.36516
2025-06-01 19:00:00,9224504.0,471.26,562.47,660.84,107.7,128.12,152.04,397.45,0.31795999999999996
2025-06-01 20:00:00,9224914.0,536.29,606.7,742.18,124.02,139.54,172.73,446.59,0.357272
2025-06-01 21:00:00,9225350.0,554.55,652.16,743.17,125.92,147.48,168.88,462.26,0.36980799999999997
2025-06-01 22:00:00,9225760.0,560.74,664.44,805.15,127.09,149.87,183.29,474.15,0.37932
2025-06-02 00:00:00,9226511.0,451.43,475.39,590.72,103.03,107.44,135.66,356.75,0.2854
2025-06-02 01:00:00,9226853.0,450.63,499.65,607.19,101.43,112.51,137.89,366.71,0.29336799999999996
2025-06-02 02:00:00,9227188.0,406.0,460.65,591.95,91.77,104.26,135.44,340.85,0.27268000000000003
2025-06-02 04:00:00,9227868.0,411.83,479.94,599.64,92.95,107.38,135.7,349.42,0.279536
2025-06-02 05:00:00,9228191.0,366.85,415.53,545.38,83.7,94.33,125.1,310.26,0.24820799999999998
2025-06-02 06:00:00,9228514.0,442.87,485.79,617.23,100.04,108.75,140.28,361.42,0.289136
2025-06-02 08:00:00,9229288.0,703.81,829.24,983.51,157.37,184.57,219.74,577.92,0.46233599999999997
2025-06-02 09:00:00,9229889.0,696.95,799.56,975.0,158.33,180.64,221.74,571.0,0.4568
2025-06-02 10:00:00,9230470.0,719.21,842.81,993.09,163.91,190.96,226.31,592.68,0.47414399999999995
2025-06-02 11:00:00,9231064.0,724.72,869.51,1015.42,165.17,196.86,230.86,604.69,0.48375200000000007
2025-06-02 12:00:00,9231680.0,746.78,888.31,1054.59,169.22,200.79,238.23,621.71,0.49736800000000003
2025-06-02 13:00:00,9232229.0,663.86,770.48,949.8,150.61,173.21,215.42,549.98,0.43998400000000004
2025-06-02 14:00:00,9232785.0,699.96,861.74,976.84,158.48,195.34,221.03,590.31,0.47224799999999995
2025-06-02 15:00:00,9233393.0,762.81,906.02,1035.24,173.15,205.33,234.67,628.54,0.502832
2025-06-02 16:00:00,9234002.0,835.76,986.42,1143.08,188.33,221.9,256.63,686.7,0.5493600000000001
2025-06-02 17:00:00,9234617.0,621.74,792.54,929.5,141.89,181.24,212.38,545.02,0.43601599999999996
2025-06-02 18:00:00,9235104.0,552.2,689.68,756.65,124.6,156.35,171.59,464.76,0.37180799999999997
2025-06-02 19:00:00,9235537.0,544.16,612.78,740.9,122.31,138.13,168.21,442.76,0.35420799999999997
2025-06-02 20:00:00,9235968.0,496.45,583.91,716.36,112.97,132.5,164.27,419.01,0.335208
2025-06-02 21:00:00,9236399.0,565.41,631.31,744.6,128.68,143.63,170.55,455.87,0.364696
2025-06-02 22:00:00,9236836.0,521.52,581.88,699.22,118.33,132.2,159.63,420.19,0.336152
2025-06-02 23:00:00,9237238.0,542.99,547.09,715.35,122.23,122.49,162.41,420.59,0.336472
2025-06-03 00:00:00,9237607.0,475.77,526.14,651.28,107.56,118.54,148.58,387.92,0.310336
2025-06-03 01:00:00,9237974.0,436.6,470.72,596.21,98.86,106.51,136.32,350.11,0.280088
2025-06-03 03:00:00,9238685.0,499.93,560.85,672.33,112.36,126.05,151.51,408.62,0.326896
2025-06-03 04:00:00,9239064.0,454.9,522.88,611.29,103.12,118.5,138.76,376.22,0.300976
2025-06-03 05:00:00,9239418.0,460.92,497.74,605.51,103.81,111.49,136.98,366.05,0.29284
2025-06-03 06:00:00,9239777.0,468.43,489.81,614.82,106.68,111.08,140.68,367.16,0.29372800000000004
2025-06-03 08:00:00,9240625.0,663.97,824.56,981.61,152.52,188.97,225.84,576.69,0.46135200000000004
2025-06-03 09:00:00,9241210.0,709.87,796.79,980.79,160.41,178.87,222.44,569.64,0.455712
2025-06-03 10:00:00,9241803.0,750.28,910.37,1034.54,171.31,207.32,236.31,625.65,0.50052
2025-06-03 11:00:00,9242361.0,721.37,842.59,1009.71,164.11,191.11,230.34,595.52,0.476416
2025-06-03 12:00:00,9242986.0,828.63,928.96,1123.64,187.46,208.81,253.88,665.97,0.532776
2025-06-03 14:00:00,9244098.0,711.59,812.6,943.7,163.23,186.84,217.09,576.74,0.461392
2025-06-03 15:00:00,9244666.0,837.81,987.14,1150.83,190.25,224.14,260.96,693.75,0.555
2025-06-03 16:00:00,9245289.0,777.24,931.28,1062.53,177.37,212.59,242.39,644.75,0.5158
2025-06-03 17:00:00,9245900.0,641.65,741.09,887.4,147.07,169.01,203.99,526.71,0.421368
2025-06-03 18:00:00,9246378.0,597.86,716.26,842.46,136.59,163.48,193.4,505.94,0.404752
2025-06-03 19:00:00,9246804.0,493.87,618.22,675.36,112.31,140.84,154.85,421.18,0.336944
2025-06-03 20:00:00,9247245.0,570.7,682.47,769.67,129.26,155.02,175.46,479.4,0.38351999999999997
2025-06-03 22:00:00,9248074.0,457.37,551.57,656.54,103.27,125.0,150.12,389.44,0.311552
2025-06-03 23:00:00,9248452.0,443.74,528.43,597.91,100.21,119.85,136.3,365.19,0.292152
2025-06-04 00:00:00,9248823.0,462.39,524.41,603.75,103.55,118.13,135.55,371.46,0.297168
2025-06-04 01:00:00,9249160.0,410.25,420.25,514.71,94.17,96.55,119.6,315.06,0.252048
2025-06-04 02:00:00,9249478.0,438.88,546.36,616.95,98.96,124.05,139.06,378.31,0.30264800000000003
2025-06-04 03:00:00,9249839.0,459.27,556.02,654.54,103.86,125.79,148.2,395.9,0.31672
2025-06-04 04:00:00,9250179.0,406.33,491.27,598.0,90.42,110.81,134.35,345.73,0.276584
2025-06-04 05:00:00,9250512.0,364.15,451.16,519.86,81.49,101.85,116.52,306.62,0.24529600000000001
2025-06-04 06:00:00,9250824.0,449.22,482.45,588.39,100.73,108.03,131.97,350.13,0.280104
2025-06-04 07:00:00,9251163.0,461.82,535.31,632.77,104.16,120.32,143.12,374.82,0.299856
2025-06-04 08:00:00,9251595.0,652.4,781.16,942.38,149.07,178.54,216.59,552.98,0.442384
2025-06-04 09:00:00,9252175.0,677.63,849.68,995.42,153.35,192.22,225.43,581.12,0.464896
2025-06-04 10:00:00,9252759.0,696.32,856.32,995.97,157.65,194.13,226.5,587.05,0.46963999999999995
2025-06-04 11:00:00,9253347.0,714.68,860.68,986.09,161.73,195.49,223.73,594.6,0.47568
2025-06-04 12:00:00,9253914.0,750.7,909.65,1035.12,169.96,205.9,234.64,619.36,0.495488
2025-06-04 13:00:00,9254474.0,630.71,782.4,913.96,142.16,175.84,206.2,536.1,0.42888000000000004
2025-06-04 14:00:00,9254993.0,695.26,846.01,991.75,156.1,190.63,223.44,585.16,0.468128
2025-06-04 15:00:00,9255561.0,721.64,891.8,1006.26,162.27,200.55,225.94,604.31,0.48344799999999993
2025-06-04 16:00:00,9256135.0,668.73,811.04,909.4,151.85,183.97,207.27,549.61,0.439688
2025-06-04 17:00:00,9256679.0,561.58,690.27,798.25,127.16,155.63,181.57,474.78,0.379824
2025-06-04 18:00:00,9257122.0,481.65,595.46,700.69,109.34,134.72,160.24,412.74,0.330192
2025-06-04 19:00:00,9257531.0,502.32,593.89,701.55,114.08,134.79,161.07,419.65,0.33571999999999996
2025-06-04 20:00:00,9257932.0,547.86,639.84,738.72,124.44,146.13,169.36,453.17,0.362536
2025-06-04 21:00:00,9258327.0,512.3,591.69,710.28,116.75,134.63,163.73,426.87,0.341496
2025-06-04 22:00:00,9258723.0,452.15,529.4,613.73,102.1,119.9,140.45,370.35,0.29628000000000004
2025-06-04 23:00:00,9259093.0,475.14,498.04,615.59,108.51,113.1,141.42,373.48,0.298784
2025-06-05 00:00:00,9259462.0,477.2,527.33,603.08,106.69,119.02,135.41,376.24,0.300992
2025-06-05 01:00:00,9259801.0,522.49,577.87,670.98,116.89,129.65,149.88,414.0,0.3312
2025-06-05 02:00:00,9260139.0,356.05,409.91,510.05,81.42,93.49,118.12,298.23,0.23858400000000002
2025-06-05 03:00:00,9260462.0,412.41,479.64,576.08,93.08,108.5,130.73,345.05,0.27604
2025-06-05 04:00:00,9260773.0,371.82,426.04,499.83,85.06,97.4,115.67,306.14,0.244912
2025-06-05 05:00:00,9261096.0,401.35,474.87,543.05,90.21,107.09,122.28,335.54,0.268432
2025-06-05 06:00:00,9261415.0,375.44,428.87,487.62,86.11,97.83,111.8,303.33,0.242664
2025-06-05 07:00:00,9261754.0,502.86,594.92,685.12,112.64,132.62,153.16,411.59,0.32927199999999995
2025-06-05 08:00:00,9262187.0,648.05,835.65,1017.06,146.17,188.63,230.47,572.47,0.457976
2025-06-05 09:00:00,9262760.0,647.21,785.9,915.05,148.86,180.39,211.86,545.48,0.436384
2025-06-05 10:00:00,9263337.0,771.89,887.05,1031.51,174.87,200.78,234.08,620.92,0.49673599999999996
2025-06-05 11:00:00,9263909.0,696.27,883.0,1010.92,158.09,200.63,230.77,597.26,0.477808
2025-06-05 12:00:00,9264491.0,774.27,899.85,1077.43,174.78,203.2,243.73,631.74,0.505392
2025-06-05 13:00:00,9265061.0,626.62,752.86,875.56,142.27,170.88,199.69,519.99,0.41599200000000003
2025-06-05 14:00:00,9265563.0,687.45,790.88,907.52,159.22,183.81,210.53,566.02,0.452816
2025-06-05 15:00:00,9266143.0,753.78,877.64,1027.1,172.05,200.27,235.34,621.79,0.497432
2025-06-05 16:00:00,9266764.0,705.4,909.82,1015.94,160.59,207.81,232.04,612.59,0.490072
2025-06-05 17:00:00,9267318.0,520.11,683.23,776.0,118.22,155.47,178.49,456.61,0.365288
2025-06-05 18:00:00,9267780.0,514.41,675.91,713.13,115.25,152.53,160.35,440.32,0.352256
2025-06-05 19:00:00,9268163.0,546.15,613.17,775.8,124.38,139.6,178.71,451.61,0.361288
2025-06-05 20:00:00,9268564.0,479.37,578.0,666.25,108.85,131.72,152.7,404.22,0.323376
2025-06-05 21:00:00,9268939.0,419.83,522.61,622.53,95.58,119.87,144.78,367.91,0.29432800000000003
2025-06-05 22:00:00,9269326.0,438.23,520.83,595.69,98.73,118.46,136.36,360.34,0.288272
2025-06-05 23:00:00,9269678.0,428.35,491.53,570.59,97.18,111.69,131.01,348.83,0.279064
2025-06-06 00:00:00,9270022.0,402.41,475.22,575.99,91.2,109.35,133.08,342.51,0.274008
2025-06-06 01:00:00,9270347.0,351.3,399.65,507.08,80.09,91.32,117.8,295.62,0.236496
2025-06-06 02:00:00,9270650.0,349.74,456.14,512.75,78.8,103.75,117.45,310.18,0.248144
2025-06-06 03:00:00,9270952.0,360.94,464.85,539.93,80.46,104.47,121.59,317.83,0.254264
2025-06-06 04:00:00,9271237.0,360.91,438.39,527.39,80.63,98.67,119.96,305.45,0.24436
2025-06-06 05:00:00,9271547.0,397.89,487.84,569.09,89.04,109.12,127.79,340.86,0.272688
2025-06-06 06:00:00,9271842.0,374.62,444.68,569.3,83.61,99.93,128.85,322.9,0.25832
2025-06-06 07:00:00,9272182.0,444.53,524.11,622.21,99.3,117.41,139.77,363.37,0.290696
2025-06-06 08:00:00,9272628.0,810.96,996.27,1142.68,183.61,225.55,257.66,690.36,0.552288
2025-06-06 09:00:00,9273246.0,616.35,794.19,942.7,140.27,180.5,215.72,542.43,0.43394399999999994
2025-06-06 11:00:00,9274390.0,675.78,791.14,935.13,155.68,181.73,216.08,561.43,0.449144
2025-06-06 12:00:00,9274987.0,732.85,883.75,1034.43,166.21,200.05,235.18,611.1,0.48888000000000004
2025-06-06 13:00:00,9275570.0,683.75,854.53,995.84,153.6,191.55,223.78,582.44,0.46595200000000003
2025-06-06 14:00:00,9276109.0,721.31,887.36,1056.16,164.68,202.8,241.38,624.77,0.499816
2025-06-06 15:00:00,9276730.0,742.09,919.67,1023.55,170.8,211.39,235.01,631.44,0.505152
2025-06-06 16:00:00,9277364.0,748.66,965.09,1070.93,171.84,221.82,245.26,653.45,0.52276
2025-06-06 17:00:00,9277947.0,625.31,764.49,892.23,142.97,174.29,205.07,531.85,0.42548
2025-06-06 18:00:00,9278442.0,541.08,741.7,792.94,123.13,169.24,180.18,487.63,0.390104
2025-06-06 19:00:00,9278860.0,404.64,552.62,623.84,91.91,126.6,144.72,365.99,0.292792
2025-06-06 20:00:00,9279277.0,561.71,694.45,762.05,125.1,156.24,171.45,466.49,0.373192
2025-06-06 21:00:00,9279699.0,480.77,584.89,688.04,110.39,133.89,159.33,410.74,0.328592
2025-06-06 22:00:00,9280104.0,416.39,501.4,586.71,95.18,114.78,136.22,350.67,0.280536
2025-06-06 23:00:00,9280485.0,487.7,534.28,653.08,110.56,120.62,149.37,390.15,0.31212
2025-06-07 00:00:00,9280840.0,416.04,476.83,588.23,94.99,109.22,135.81,347.13,0.277704
2025-06-07 01:00:00,9281162.0,378.55,415.14,518.37,85.53,94.26,119.27,304.48,0.24358400000000002
2025-06-07 02:00:00,9281483.0,412.77,486.35,600.74,93.33,109.66,136.56,352.6,0.28208
2025-06-07 03:00:00,9281807.0,404.3,479.71,573.47,90.58,108.36,129.87,343.31,0.274648
2025-06-07 04:00:00,9282120.0,394.42,455.29,553.75,89.53,103.95,126.69,332.08,0.265664
2025-06-07 05:00:00,9282443.0,432.13,532.81,596.07,96.06,119.48,132.96,366.27,0.293016
2025-06-07 06:00:00,9282763.0,390.8,400.1,539.03,88.38,90.53,123.08,307.0,0.2456
2025-06-07 07:00:00,9283093.0,471.72,585.81,668.5,104.92,130.74,149.43,397.95,0.31836
2025-06-07 08:00:00,9283511.0,576.87,734.07,845.65,130.72,167.02,192.78,498.33,0.39866399999999996
2025-06-07 09:00:00,9284110.0,698.33,861.0,960.71,159.48,196.78,219.58,585.46,0.468368
2025-06-07 10:00:00,9284675.0,653.18,799.29,951.37,150.04,183.19,219.79,559.63,0.447704
2025-06-07 11:00:00,9285270.0,771.56,954.56,1101.41,174.03,215.03,248.3,653.81,0.523048
2025-06-07 12:00:00,9285905.0,740.24,925.25,1048.61,169.1,211.18,238.41,631.0,0.5048
2025-06-07 13:00:00,9286478.0,686.14,863.35,965.77,156.04,196.35,219.08,587.01,0.46960799999999997
2025-06-07 14:00:00,9287046.0,743.47,902.99,1006.93,168.93,205.41,228.59,617.25,0.4938
2025-06-07 15:00:00,9287674.0,761.11,938.6,1041.23,174.17,214.41,237.94,639.21,0.511368
2025-06-07 16:00:00,9288285.0,798.61,961.71,1068.16,181.78,218.67,242.89,657.77,0.526216
2025-06-07 17:00:00,9288904.0,618.85,767.4,897.16,141.29,175.2,205.45,530.04,0.42403199999999996
2025-06-07 18:00:00,9289403.0,453.24,619.89,688.54,102.33,139.78,155.52,407.65,0.32611999999999997
2025-06-07 19:00:00,9289825.0,474.88,604.58,724.78,106.45,136.14,164.33,418.5,0.3348
2025-06-07 20:00:00,9290249.0,499.55,619.26,698.82,113.69,142.14,160.34,423.99,0.339192
2025-06-07 21:00:00,9290687.0,510.17,641.68,715.08,116.54,146.63,163.88,435.02,0.348016
2025-06-07 22:00:00,9291098.0,549.66,668.1,751.44,125.06,152.84,171.25,465.77,0.372616
2025-06-07 23:00:00,9291494.0,467.06,539.88,612.74,106.16,123.28,139.73,380.39,0.30431199999999997
2025-06-08 00:00:00,9291851.0,417.44,476.25,559.13,96.86,111.04,131.02,345.03,0.276024
2025-06-08 01:00:00,9292192.0,357.93,442.55,538.4,81.65,101.43,124.23,312.93,0.250344
2025-06-08 02:00:00,9292529.0,409.05,515.75,636.14,92.47,117.48,144.95,366.74,0.293392
2025-06-08 03:00:00,9292869.0,368.98,462.28,548.36,83.93,106.1,125.91,324.93,0.259944
2025-06-08 04:00:00,9293202.0,382.92,454.1,534.56,86.82,103.44,122.33,323.04,0.258432
2025-06-08 05:00:00,9293529.0,355.87,451.24,533.64,81.26,103.86,124.29,317.99,0.254392
2025-06-08 06:00:00,9293839.0,382.51,481.51,568.05,86.84,110.33,129.84,337.56,0.270048
2025-06-08 07:00:00,9294175.0,470.22,559.5,661.62,106.87,127.56,150.95,395.53,0.316424
2025-06-08 08:00:00,9294638.0,570.53,789.71,908.17,128.81,179.67,206.21,523.81,0.419048
2025-06-08 09:00:00,9295245.0,678.77,906.29,982.83,155.35,208.46,225.33,599.88,0.479904
2025-06-08 10:00:00,9295848.0,742.25,967.14,1017.44,168.97,220.93,231.17,634.66,0.507728
2025-06-08 11:00:00,9296477.0,788.0,1009.99,1123.21,177.38,227.32,251.38,673.37,0.538696
2025-06-08 12:00:00,9297101.0,686.64,863.52,988.83,157.41,197.8,227.06,591.01,0.472808
2025-06-08 13:00:00,9297678.0,675.84,882.17,976.02,153.63,200.93,221.69,587.52,0.470016
2025-06-08 14:00:00,9298254.0,669.74,867.31,979.25,151.67,197.78,222.17,583.6,0.46688
2025-06-08 15:00:00,9298874.0,737.67,974.16,1065.88,167.3,221.69,241.7,643.9,0.51512
2025-06-08 16:00:00,9299498.0,772.93,971.41,1078.28,175.25,221.12,244.23,657.3,0.52584
2025-06-08 17:00:00,9300114.0,627.15,786.28,895.03,143.47,179.62,204.66,535.69,0.42855200000000004
2025-06-08 18:00:00,9300576.0,536.68,704.8,784.29,120.31,157.11,176.2,464.45,0.37156
2025-06-08 19:00:00,9301008.0,526.75,688.15,754.2,118.13,155.47,170.3,455.91,0.364728
2025-06-08 20:00:00,9301455.0,469.05,635.77,719.93,105.41,143.96,163.99,422.13,0.337704
2025-06-08 21:00:00,9301891.0,544.96,681.82,792.14,122.71,154.55,179.7,470.24,0.376192
2025-06-08 22:00:00,9302326.0,529.81,670.57,746.84,120.94,153.69,171.09,459.4,0.36751999999999996
2025-06-08 23:00:00,9302741.0,492.31,596.0,675.93,110.65,135.17,152.94,413.6,0.33088
2025-06-09 00:00:00,9303116.0,448.74,541.11,637.12,100.84,122.13,144.04,379.03,0.303224
2025-06-09 01:00:00,9303476.0,419.33,508.8,595.21,94.58,115.5,135.85,355.3,0.28424
2025-06-09 02:00:00,9303833.0,431.63,540.83,627.0,97.01,122.74,141.76,374.59,0.299672
2025-06-09 03:00:00,9304173.0,449.05,550.34,639.14,100.26,123.92,143.72,384.65,0.30772
2025-06-09 04:00:00,9304535.0,445.19,519.26,627.12,99.98,116.87,141.29,375.2,0.30016
2025-06-09 05:00:00,9304894.0,432.21,512.18,626.5,97.46,115.43,141.56,371.41,0.297128
2025-06-09 06:00:00,9305238.0,454.74,515.64,629.71,102.95,116.74,143.17,376.74,0.301392
2025-06-09 07:00:00,9305625.0,511.15,632.91,728.54,115.45,143.09,165.01,432.26,0.345808
2025-06-09 08:00:00,9306116.0,680.41,881.17,1021.48,155.7,201.96,233.74,602.59,0.482072
2025-06-09 09:00:00,9306767.0,726.03,904.71,1043.24,166.82,207.66,239.88,623.78,0.49902399999999997
2025-06-09 10:00:00,9307381.0,843.8,995.55,1131.49,191.78,225.95,256.15,689.12,0.551296
2025-06-09 11:00:00,9308046.0,743.99,1018.17,1066.33,168.89,231.15,242.64,653.65,0.5229199999999999
2025-06-09 12:00:00,9308688.0,779.26,1010.56,1108.25,177.32,230.43,252.09,672.41,0.537928
2025-06-09 13:00:00,9309340.0,742.0,893.91,1011.24,169.32,203.58,230.27,615.12,0.492096
2025-06-09 14:00:00,9309924.0,717.57,925.23,1005.88,163.75,212.08,228.93,617.19,0.493752
2025-06-09 15:00:00,9310585.0,798.66,974.82,1136.77,183.13,223.11,259.85,679.23,0.543384
2025-06-09 16:00:00,9311235.0,850.22,1054.32,1209.23,193.01,239.15,273.58,723.15,0.57852
2025-06-09 17:00:00,9311885.0,637.89,828.78,920.14,145.77,189.12,210.5,551.88,0.441504
2025-06-09 18:00:00,9312410.0,580.58,728.64,808.97,134.57,168.42,186.97,502.51,0.402008
2025-06-09 19:00:00,9312872.0,540.95,718.7,789.21,124.3,165.35,181.33,483.44,0.386752
2025-06-09 20:00:00,9313332.0,476.16,635.55,719.25,108.93,146.67,166.42,430.6,0.34448
2025-06-09 21:00:00,9313782.0,537.3,665.76,749.11,121.47,151.25,170.07,454.3,0.36344
2025-06-09 22:00:00,9314209.0,561.14,728.91,834.12,125.9,166.02,188.63,493.24,0.394592
2025-06-09 23:00:00,9314631.0,486.43,529.68,619.75,110.59,120.59,142.03,383.84,0.30707199999999996
2025-06-10 00:00:00,9315027.0,506.06,567.58,675.32,115.4,129.41,154.41,413.03,0.330424
2025-06-10 01:00:00,9315411.0,496.15,541.59,656.05,111.9,123.32,148.44,396.9,0.31751999999999997
2025-06-10 02:00:00,9315788.0,485.28,560.48,662.14,110.35,127.55,150.62,403.93,0.323144
2025-06-10 03:00:00,9316150.0,507.75,561.58,664.43,115.02,127.12,149.9,411.21,0.328968
2025-06-10 04:00:00,9316481.0,385.18,447.24,550.77,87.41,101.91,125.93,323.77,0.25901599999999997
2025-06-10 05:00:00,9316810.0,383.16,445.59,541.09,86.59,100.9,123.01,320.9,0.25672
2025-06-10 06:00:00,9317142.0,366.04,422.3,564.51,84.3,97.03,131.34,316.09,0.252872
2025-06-10 07:00:00,9317488.0,570.1,651.2,769.39,128.85,147.26,174.51,460.31,0.368248
2025-06-10 08:00:00,9318005.0,754.62,913.56,1118.31,171.61,208.66,255.76,653.92,0.5231359999999999
2025-06-10 09:00:00,9318688.0,663.31,863.1,991.43,151.28,196.62,227.43,579.96,0.46396800000000005
2025-06-10 10:00:00,9319316.0,900.37,1073.52,1245.25,203.49,243.08,282.21,748.44,0.5987520000000001
2025-06-10 11:00:00,9320003.0,745.43,1022.8,1155.64,169.88,232.9,263.22,677.6,0.54208
2025-06-10 12:00:00,9320710.0,862.12,1027.98,1201.85,196.36,234.22,273.78,720.86,0.576688
2025-06-10 13:00:00,9321340.0,752.76,913.1,1036.71,172.43,208.6,236.89,629.85,0.50388
2025-06-10 14:00:00,9321962.0,795.32,1014.09,1118.62,181.22,231.91,254.14,683.26,0.546608
2025-06-10 15:00:00,9322652.0,846.09,958.93,1123.64,194.75,220.42,258.3,685.34,0.548272
2025-06-10 16:00:00,9323354.0,893.08,1082.06,1215.75,201.34,246.2,274.49,738.62,0.590896
2025-06-10 17:00:00,9324043.0,736.3,905.71,1017.45,169.12,207.76,233.21,619.2,0.49536
2025-06-10 18:00:00,9324605.0,666.27,860.63,887.29,153.11,198.59,202.95,569.13,0.455304
2025-06-10 19:00:00,9325083.0,586.0,727.1,841.8,133.4,165.51,192.26,501.37,0.401096
2025-06-10 20:00:00,9325550.0,582.25,694.44,831.35,132.27,158.35,189.58,494.69,0.395752
2025-06-10 21:00:00,9326009.0,591.93,729.52,866.78,135.18,166.64,198.37,514.99,0.411992
2025-06-10 22:00:00,9326438.0,586.26,682.47,764.54,132.37,154.3,172.86,473.26,0.378608
2025-06-10 23:00:00,9326877.0,577.55,649.28,763.57,131.08,147.22,173.64,466.56,0.373248
2025-06-11 00:00:00,9327282.0,499.41,566.19,648.78,113.18,128.4,147.24,399.88,0.319904
2025-06-11 01:00:00,9327656.0,476.47,559.67,650.0,107.78,126.83,147.07,397.14,0.317712
2025-06-11 02:00:00,9328033.0,429.24,518.79,623.81,98.39,118.87,143.01,372.18,0.297744
2025-06-11 03:00:00,9328377.0,445.08,526.67,603.29,100.23,118.92,135.83,369.32,0.295456
2025-06-11 04:00:00,9328728.0,463.29,544.55,641.15,104.03,122.47,143.6,387.75,0.3102
2025-06-11 05:00:00,9329087.0,459.37,510.65,615.8,105.24,115.77,140.72,373.37,0.298696
2025-06-11 06:00:00,9329432.0,428.12,490.52,583.22,97.58,112.08,133.56,352.28,0.28182399999999996
2025-06-11 07:00:00,9329807.0,496.9,568.24,688.64,112.54,127.98,156.1,404.08,0.323264
2025-06-11 08:00:00,9330303.0,750.67,867.3,1045.84,171.21,196.91,238.57,616.81,0.49344799999999994
2025-06-11 09:00:00,9330976.0,759.37,908.73,1075.53,173.46,206.78,245.81,636.69,0.509352
2025-06-11 10:00:00,9331607.0,794.39,958.84,1101.63,180.08,216.5,249.05,654.17,0.5233359999999999
2025-06-11 11:00:00,9332294.0,839.02,1061.63,1234.37,189.21,239.02,278.0,718.8,0.57504
2025-06-11 12:00:00,9332966.0,767.44,984.92,1144.39,176.14,226.06,262.84,676.21,0.540968
2025-06-11 13:00:00,9333611.0,733.83,879.39,1016.51,168.34,201.39,232.8,615.14,0.492112
2025-06-11 14:00:00,9334205.0,769.34,922.51,1083.34,176.55,211.08,247.36,652.29,0.521832
2025-06-11 15:00:00,9334838.0,854.46,1024.78,1162.24,195.74,234.96,264.98,715.23,0.572184
2025-06-11 16:00:00,9335512.0,792.86,947.67,1057.42,181.9,216.76,242.21,653.83,0.5230640000000001
2025-06-11 17:00:00,9336129.0,704.5,844.06,950.55,160.57,192.48,216.55,583.25,0.4666
2025-06-11 18:00:00,9336641.0,556.16,727.02,798.46,127.67,167.87,184.17,491.8,0.39344
2025-06-11 19:00:00,9337108.0,518.3,617.73,709.18,117.73,141.04,162.64,430.5,0.3444
2025-06-11 20:00:00,9337557.0,516.54,665.12,745.84,117.53,152.54,171.13,452.06,0.361648
2025-06-11 21:00:00,9338016.0,498.6,636.62,691.19,113.59,145.93,158.13,426.15,0.34092
2025-06-11 22:00:00,9338440.0,564.65,621.95,734.27,127.96,140.22,166.43,451.09,0.36087199999999997
2025-06-11 23:00:00,9338851.0,492.25,529.12,625.23,111.85,119.86,142.81,383.53,0.306824
2025-06-12 00:00:00,9339240.0,465.47,476.45,598.98,106.3,108.42,137.55,361.07,0.288856
2025-06-12 01:00:00,9339597.0,457.05,514.6,603.06,103.88,117.17,137.88,369.55,0.29564
2025-06-12 02:00:00,9339949.0,419.82,473.98,573.03,95.83,108.32,131.49,345.89,0.276712
2025-06-12 03:00:00,9340295.0,399.85,468.84,542.42,91.73,107.82,124.97,334.04,0.267232
2025-06-12 04:00:00,9340637.0,433.96,477.2,564.45,100.06,109.95,130.39,349.63,0.279704
2025-06-12 05:00:00,9340992.0,422.13,471.23,560.21,96.18,107.32,128.18,339.44,0.271552
2025-06-12 06:00:00,9341344.0,449.41,465.95,588.03,102.42,105.77,134.38,349.76,0.279808
2025-06-12 07:00:00,9341700.0,508.49,592.71,766.92,115.3,133.53,173.8,431.07,0.344856
2025-06-12 08:00:00,9342195.0,669.63,886.15,994.11,151.98,202.32,226.55,591.21,0.47296800000000006
2025-06-12 09:00:00,9342833.0,774.25,959.24,1111.94,177.65,219.28,254.47,667.54,0.534032
2025-06-12 10:00:00,9343441.0,768.45,929.74,1051.08,175.42,211.75,239.83,638.08,0.510464
2025-06-12 11:00:00,9344090.0,870.88,1021.5,1186.3,197.04,230.31,267.44,713.58,0.570864
2025-06-12 12:00:00,9344771.0,794.43,941.02,1101.16,181.49,214.32,251.34,658.57,0.526856
2025-06-12 13:00:00,9345406.0,723.94,842.55,1047.03,166.13,192.49,240.76,610.36,0.488288
2025-06-12 14:00:00,9345979.0,732.87,904.07,1069.69,167.02,205.64,243.3,629.67,0.503736
2025-06-12 15:00:00,9346644.0,793.61,937.62,1116.2,181.4,213.38,254.99,660.66,0.528528
2025-06-12 16:00:00,9347305.0,846.97,1011.89,1136.07,193.37,230.65,258.94,695.83,0.556664
2025-06-12 17:00:00,9347972.0,747.4,857.96,1016.48,170.93,195.17,232.3,608.3,0.48663999999999996
2025-06-12 18:00:00,9348454.0,570.59,707.28,763.95,129.63,160.56,173.47,475.87,0.380696
2025-06-12 19:00:00,9348913.0,555.22,688.88,780.51,127.2,157.21,179.49,477.71,0.382168
2025-06-12 20:00:00,9349345.0,529.66,623.43,717.23,122.61,143.81,166.73,445.36,0.356288
2025-06-12 21:00:00,9349780.0,503.25,643.1,692.2,114.63,147.32,158.21,433.98,0.347184
2025-06-12 22:00:00,9350190.0,461.62,540.86,644.22,103.33,122.45,146.06,380.84,0.304672
2025-06-12 23:00:00,9350570.0,516.05,595.11,668.02,115.19,132.94,149.19,409.13,0.327304
2025-06-13 00:00:00,9350945.0,442.67,500.38,570.47,99.84,113.55,129.6,351.07,0.280856
2025-06-13 01:00:00,9351291.0,423.25,490.83,562.29,96.79,112.33,129.23,347.4,0.27792
2025-06-13 02:00:00,9351623.0,502.09,583.82,655.43,111.11,130.45,145.11,403.98,0.323184
2025-06-13 03:00:00,9351995.0,521.04,595.1,669.35,116.87,133.66,149.32,421.73,0.337384
2025-06-13 04:00:00,9352359.0,442.3,511.41,589.23,99.58,115.69,133.21,357.67,0.286136
2025-06-13 05:00:00,9352720.0,494.95,584.19,648.64,110.74,130.57,143.83,402.37,0.321896
2025-06-13 06:00:00,9353076.0,409.54,460.13,562.49,93.37,104.46,128.73,331.15,0.26492
2025-06-13 07:00:00,9353435.0,540.02,676.68,724.49,121.23,152.61,162.18,450.34,0.360272
2025-06-13 08:00:00,9353914.0,775.93,930.93,1144.74,177.54,211.57,261.58,663.4,0.53072
2025-06-13 09:00:00,9354566.0,747.11,909.55,1067.26,171.67,208.73,246.53,634.68,0.507744
2025-06-13 10:00:00,9355175.0,770.69,895.77,1035.65,176.7,204.47,237.4,628.59,0.502872
2025-06-13 11:00:00,9355785.0,850.64,1033.64,1188.27,190.27,230.54,264.81,704.47,0.5635760000000001
2025-06-13 12:00:00,9356405.0,726.08,887.48,1026.55,165.77,202.35,234.95,612.17,0.48973599999999995
2025-06-13 13:00:00,9356993.0,689.02,831.87,961.07,155.65,188.18,217.42,571.9,0.45752
2025-06-13 14:00:00,9357548.0,666.9,825.13,985.46,152.21,188.05,225.78,576.43,0.46114399999999994
2025-06-13 15:00:00,9358168.0,816.83,946.35,1105.14,184.94,213.6,249.94,665.01,0.532008
2025-06-13 16:00:00,9358782.0,698.45,843.1,995.84,160.3,192.73,229.03,589.51,0.47160799999999997
2025-06-13 17:00:00,9359379.0,610.04,704.9,853.94,138.96,160.29,196.37,503.35,0.40268000000000004
2025-06-13 18:00:00,9359828.0,544.09,658.9,761.69,123.77,150.19,174.49,458.29,0.366632
2025-06-13 19:00:00,9360243.0,513.82,622.82,742.82,115.98,140.74,169.22,439.48,0.351584
2025-06-13 20:00:00,9360652.0,499.92,607.97,705.06,114.76,139.48,163.37,426.73,0.341384
2025-06-13 21:00:00,9361071.0,546.92,664.73,779.12,123.78,150.26,176.9,461.91,0.369528
2025-06-13 22:00:00,9361488.0,493.43,541.89,651.79,111.88,122.47,148.79,394.27,0.315416
2025-06-13 23:00:00,9361863.0,487.93,554.17,670.36,110.28,123.85,151.83,402.88,0.322304
2025-06-14 00:00:00,9362216.0,380.98,452.64,550.39,86.88,102.88,125.97,323.25,0.2586
2025-06-14 01:00:00,9362545.0,403.42,465.26,561.37,90.89,105.49,127.61,332.67,0.26613600000000004
2025-06-14 02:00:00,9362876.0,470.35,544.14,653.53,105.98,121.62,146.09,390.75,0.3126
2025-06-14 03:00:00,9363218.0,398.04,464.63,554.03,90.39,105.67,126.59,331.91,0.26552800000000004
2025-06-14 04:00:00,9363555.0,476.82,574.62,674.0,106.11,127.65,149.27,406.01,0.324808
2025-06-14 05:00:00,9363901.0,430.37,489.24,601.19,98.56,111.04,136.92,360.62,0.28849600000000003
2025-06-14 06:00:00,9364239.0,441.76,451.75,581.06,100.89,102.42,132.82,346.45,0.27716
2025-06-14 07:00:00,9364577.0,475.47,574.32,679.43,106.35,128.17,152.57,401.45,0.32116
2025-06-14 08:00:00,9365027.0,558.87,728.68,851.69,127.55,166.48,195.68,499.15,0.39932
2025-06-14 09:00:00,9365651.0,756.02,896.83,1061.21,171.03,202.96,240.36,629.07,0.503256
2025-06-14 10:00:00,9366253.0,714.75,884.59,1010.8,161.9,200.14,228.78,599.67,0.47973599999999994
2025-06-14 11:00:00,9366839.0,743.82,915.7,1048.42,166.31,205.08,234.55,619.25,0.4954
2025-06-14 12:00:00,9367449.0,739.34,897.82,1041.56,169.17,204.73,238.6,622.38,0.497904
2025-06-14 13:00:00,9368012.0,655.8,812.05,880.69,149.52,185.38,200.66,549.1,0.43928
2025-06-14 14:00:00,9368559.0,700.69,847.22,918.55,159.57,193.94,209.92,574.7,0.45976000000000006
2025-06-14 15:00:00,9369141.0,744.94,902.81,1021.81,169.48,205.81,232.89,622.54,0.498032
2025-06-14 16:00:00,9369752.0,736.77,894.5,1022.69,167.35,202.95,232.03,620.47,0.49637600000000004
2025-06-14 17:00:00,9370312.0,567.03,734.14,859.83,130.01,168.31,198.2,503.78,0.403024
2025-06-14 18:00:00,9370782.0,607.68,661.51,781.9,137.89,149.98,178.11,477.04,0.381632
2025-06-14 19:00:00,9371202.0,526.44,621.44,727.87,118.64,140.36,164.9,436.54,0.34923200000000004
2025-06-14 20:00:00,9371644.0,583.08,688.8,805.09,131.81,155.72,182.37,485.07,0.388056
2025-06-14 21:00:00,9372090.0,561.02,625.02,737.1,127.54,142.58,168.44,452.52,0.362016
2025-06-14 22:00:00,9372500.0,534.69,574.48,723.92,120.71,129.37,164.36,427.35,0.34188
2025-06-14 23:00:00,9372901.0,488.56,565.54,669.53,110.31,128.04,152.02,405.22,0.324176
2025-06-15 00:00:00,9373252.0,440.91,491.97,621.38,99.93,111.22,142.4,367.04,0.293632
2025-06-15 01:00:00,9373623.0,423.88,486.03,615.26,96.93,110.88,141.28,359.17,0.28733600000000004
2025-06-15 02:00:00,9373984.0,436.11,518.46,616.32,98.48,117.14,139.69,371.2,0.29696
2025-06-15 03:00:00,9374331.0,429.17,520.62,626.9,95.19,119.28,141.91,372.27,0.29781599999999997
2025-06-15 04:00:00,9374690.0,469.96,561.58,641.13,104.46,125.05,142.41,392.57,0.314056
2025-06-15 05:00:00,9375053.0,431.86,509.86,622.73,97.93,115.09,140.83,369.39,0.295512
2025-06-15 06:00:00,9375387.0,376.04,443.76,524.59,85.86,101.37,120.14,316.19,0.252952
2025-06-15 07:00:00,9375723.0,477.95,541.72,644.2,109.74,123.87,148.37,388.17,0.31053600000000003
2025-06-15 08:00:00,9376186.0,713.17,866.23,1011.76,159.19,193.2,226.02,591.54,0.473232
2025-06-15 09:00:00,9376772.0,710.01,853.71,963.79,163.13,196.16,221.67,591.99,0.473592
2025-06-15 10:00:00,9377370.0,667.17,872.41,973.93,151.41,197.63,221.33,579.36,0.463488
2025-06-15 11:00:00,9377965.0,698.24,909.72,1045.75,157.09,204.97,235.81,608.45,0.48676
2025-06-15 12:00:00,9378578.0,679.24,862.66,987.6,154.36,195.73,224.81,583.78,0.467024
2025-06-15 13:00:00,9379147.0,665.76,786.33,921.64,152.77,179.51,211.24,559.03,0.44722399999999995
2025-06-15 14:00:00,9379691.0,650.49,812.73,940.86,149.41,185.83,215.93,566.46,0.453168
2025-06-15 15:00:00,9380275.0,708.67,874.41,1027.19,164.02,202.11,237.72,619.15,0.49532
2025-06-15 16:00:00,9380898.0,745.21,900.78,1001.96,170.8,206.22,228.91,625.09,0.5000720000000001
2025-06-15 17:00:00,9381484.0,679.33,842.48,938.38,155.8,193.36,214.9,579.45,0.46356
2025-06-15 18:00:00,9381988.0,574.5,658.07,755.43,130.18,148.65,171.7,462.28,0.369824
2025-06-15 19:00:00,9382444.0,529.75,627.41,782.73,119.9,141.94,178.03,450.93,0.360744
2025-06-15 20:00:00,9382869.0,555.8,632.9,769.1,125.76,143.83,175.48,457.74,0.366192
2025-06-15 21:00:00,9383305.0,567.23,665.44,786.04,129.09,151.7,179.23,472.1,0.37768
2025-06-15 22:00:00,9383734.0,597.18,634.88,755.94,134.99,142.96,170.72,461.98,0.369584
2025-06-15 23:00:00,9384134.0,525.47,595.5,691.59,118.01,133.8,155.07,424.83,0.339864
2025-06-16 00:00:00,9384512.0,489.32,552.41,645.07,109.89,124.42,145.1,394.49,0.315592
2025-06-16 01:00:00,9384893.0,430.7,508.34,629.43,96.14,114.46,141.87,365.01,0.292008
2025-06-16 02:00:00,9385264.0,491.88,594.93,707.06,110.39,134.19,158.73,420.11,0.336088
2025-06-16 03:00:00,9385626.0,456.19,537.43,636.87,102.49,121.02,143.58,384.14,0.307312
2025-06-16 04:00:00,9385961.0,421.34,472.25,581.28,96.02,107.44,132.92,347.97,0.278376
2025-06-16 05:00:00,9386299.0,401.01,463.6,530.58,91.76,105.94,122.06,330.48,0.264384
2025-06-16 06:00:00,9386622.0,452.68,510.32,613.03,102.98,115.55,139.52,366.89,0.293512
2025-06-16 07:00:00,9386993.0,456.21,558.11,719.23,104.01,126.86,165.25,399.52,0.319616
2025-06-16 08:00:00,9387449.0,746.28,931.26,1100.71,169.08,211.06,249.48,642.63,0.514104
2025-06-16 09:00:00,9388092.0,688.11,915.46,1049.91,156.35,208.63,239.2,613.72,0.490976
2025-06-16 10:00:00,9388743.0,729.91,910.54,1044.28,172.0,215.79,247.53,644.02,0.515216
2025-06-16 11:00:00,9389390.0,785.23,958.15,1131.0,180.93,220.8,261.02,676.3,0.54104
2025-06-16 12:00:00,9390102.0,796.75,1000.94,1141.21,180.84,227.54,259.56,678.08,0.5424640000000001
2025-06-16 13:00:00,9390731.0,771.2,968.41,1095.53,174.23,218.78,246.68,655.36,0.524288
2025-06-16 14:00:00,9391311.0,737.88,931.63,1035.77,168.04,212.57,235.63,628.75,0.503
2025-06-16 15:00:00,9391939.0,744.42,939.45,1005.51,171.66,217.48,232.04,631.2,0.5049600000000001
2025-06-16 16:00:00,9392592.0,811.15,1033.29,1145.67,183.89,235.34,259.52,697.35,0.55788
2025-06-16 17:00:00,9393219.0,634.87,805.96,913.63,144.99,184.67,209.32,548.07,0.438456
2025-06-16 18:00:00,9393713.0,563.47,666.58,783.79,128.38,152.23,179.9,469.75,0.3758
2025-06-16 19:00:00,9394190.0,574.7,723.32,793.49,129.9,163.95,179.26,490.4,0.39232
2025-06-16 20:00:00,9394622.0,560.97,714.25,747.93,127.44,163.82,169.85,479.12,0.383296
2025-06-16 21:00:00,9395055.0,511.3,613.55,701.86,117.61,141.44,162.03,435.5,0.3484
2025-06-16 22:00:00,9395464.0,531.16,624.47,715.81,120.56,141.92,162.75,439.89,0.351912
2025-06-16 23:00:00,9395876.0,494.69,571.92,658.63,111.84,130.19,149.65,402.02,0.321616
2025-06-17 00:00:00,9396242.0,436.62,522.79,601.44,98.84,119.08,136.75,366.99,0.293592
2025-06-17 01:00:00,9396612.0,428.24,518.14,581.5,97.79,118.63,132.6,361.2,0.28896
2025-06-17 02:00:00,9396959.0,466.5,541.47,656.93,104.88,122.43,148.3,389.8,0.31184
2025-06-17 03:00:00,9397315.0,433.76,508.02,567.98,98.5,115.73,128.62,356.0,0.2848
2025-06-17 04:00:00,9397648.0,390.25,444.71,560.84,89.22,101.63,129.1,329.99,0.263992
2025-06-17 05:00:00,9397990.0,475.09,521.16,627.01,105.75,116.07,139.3,375.57,0.300456
2025-06-17 06:00:00,9398340.0,419.64,478.51,564.24,93.25,106.15,126.05,335.24,0.268192
2025-06-17 07:00:00,9398681.0,507.84,564.48,700.52,114.09,126.56,158.46,409.67,0.327736
2025-06-17 08:00:00,9399144.0,669.35,840.61,1009.82,152.04,190.48,229.21,583.53,0.46682399999999996
2025-06-17 09:00:00,9399778.0,745.83,908.23,1112.54,170.01,205.99,254.31,636.69,0.509352
2025-06-17 10:00:00,9400337.0,754.99,972.38,1112.16,169.16,218.2,248.94,655.44,0.524352
2025-06-17 11:00:00,9400922.0,731.67,882.76,1106.01,165.76,200.03,251.75,630.97,0.504776
2025-06-17 12:00:00,9401564.0,803.85,1018.69,1145.62,180.87,230.38,257.76,689.03,0.5512239999999999
2025-06-17 13:00:00,9402128.0,703.43,829.22,960.81,159.25,187.52,216.73,578.29,0.462632
2025-06-17 14:00:00,9402664.0,697.36,846.99,991.13,157.9,191.63,224.38,588.17,0.47053599999999995
2025-06-17 15:00:00,9403274.0,802.33,908.44,1060.33,182.66,206.06,240.83,646.08,0.516864
2025-06-17 16:00:00,9403865.0,744.94,883.88,1043.32,170.49,201.63,238.63,623.04,0.498432
2025-06-17 17:00:00,9404446.0,703.58,746.42,945.88,160.69,169.01,216.46,557.09,0.445672
2025-06-17 18:00:00,9404938.0,583.08,687.12,797.4,132.9,156.55,182.17,486.66,0.389328
2025-06-17 19:00:00,9405378.0,482.42,631.97,726.29,108.17,142.81,164.72,425.64,0.340512
2025-06-17 20:00:00,9405796.0,469.94,589.34,692.55,106.33,133.85,158.28,408.3,0.32664
2025-06-17 21:00:00,9406216.0,516.95,615.17,698.42,117.38,139.9,159.44,430.26,0.344208
2025-06-17 22:00:00,9406608.0,569.1,627.18,741.45,128.48,141.41,166.87,454.03,0.363224
2025-06-17 23:00:00,9407006.0,441.9,526.2,594.75,99.9,119.39,135.36,364.77,0.29181599999999996
2025-06-18 00:00:00,9407363.0,418.18,477.57,563.7,95.01,108.89,128.46,342.47,0.273976
2025-06-18 01:00:00,9407713.0,442.06,493.23,585.79,100.74,112.2,133.47,359.77,0.28781599999999996
2025-06-18 02:00:00,9408055.0,387.8,442.78,543.89,88.41,100.6,124.11,323.21,0.25856799999999996
2025-06-18 03:00:00,9408375.0,410.0,467.19,566.49,92.48,105.79,128.05,341.25,0.273
2025-06-18 04:00:00,9408702.0,389.23,469.48,547.35,88.49,107.14,124.56,332.87,0.266296
2025-06-18 05:00:00,9409020.0,396.79,479.59,558.94,89.83,108.74,126.55,340.52,0.272416
2025-06-18 06:00:00,9409335.0,372.01,417.56,509.87,85.89,97.16,118.63,308.48,0.246784
2025-06-18 07:00:00,9409691.0,531.63,636.54,724.73,119.93,143.84,163.09,441.72,0.353376
2025-06-18 08:00:00,9410145.0,576.64,751.09,946.76,131.66,170.81,217.81,528.49,0.422792
2025-06-18 09:00:00,9410790.0,678.86,899.16,1045.41,151.05,200.78,233.41,595.29,0.476232
2025-06-18 10:00:00,9411408.0,777.36,958.96,1111.26,175.27,215.83,249.15,657.33,0.525864
2025-06-18 11:00:00,9412051.0,791.2,978.03,1140.36,177.82,220.77,256.82,671.32,0.5370560000000001
2025-06-18 12:00:00,9412674.0,715.08,911.64,1052.67,163.56,207.75,240.51,621.28,0.49702399999999997
2025-06-18 13:00:00,9413274.0,718.08,928.1,1016.68,160.34,208.46,226.31,614.93,0.49194399999999994
2025-06-18 14:00:00,9413815.0,639.6,847.63,968.71,146.13,193.9,220.95,571.59,0.457272
2025-06-18 15:00:00,9414444.0,713.99,900.71,1003.63,164.59,207.1,230.86,611.88,0.489504
2025-06-18 16:00:00,9415079.0,762.55,955.97,1092.5,174.45,217.67,248.43,654.72,0.523776
2025-06-18 17:00:00,9415715.0,626.31,795.36,946.64,143.28,181.21,216.85,549.67,0.43973599999999996
2025-06-18 18:00:00,9416182.0,452.41,538.84,646.95,104.19,123.03,149.73,381.76,0.305408
2025-06-18 19:00:00,9416619.0,544.47,649.36,764.83,123.73,146.92,174.44,458.16,0.366528
2025-06-18 20:00:00,9417063.0,503.36,596.7,741.96,114.69,136.31,170.35,432.48,0.345984
2025-06-18 21:00:00,9417498.0,517.61,636.95,761.1,116.12,143.85,172.36,441.9,0.35352
2025-06-18 22:00:00,9417920.0,552.16,627.08,775.49,125.66,141.94,176.91,460.28,0.368224
2025-06-18 23:00:00,9418328.0,496.15,569.6,703.63,111.53,127.71,159.08,411.47,0.329176
2025-06-19 00:00:00,9418696.0,452.48,506.99,623.27,102.75,115.48,143.12,371.52,0.297216
2025-06-19 01:00:00,9419050.0,415.47,485.35,602.45,94.71,110.03,137.79,351.05,0.28084000000000003
2025-06-19 02:00:00,9419404.0,464.86,541.14,641.49,104.8,121.65,144.44,386.47,0.309176
2025-06-19 03:00:00,9419746.0,414.32,542.26,592.68,93.46,123.6,133.95,365.57,0.292456
2025-06-19 04:00:00,9420092.0,395.97,476.31,559.7,90.68,109.41,128.67,338.45,0.27076
2025-06-19 05:00:00,9420424.0,442.47,487.46,620.24,99.49,110.52,140.16,363.55,0.29084
2025-06-19 06:00:00,9420766.0,409.1,452.63,575.6,92.96,102.47,131.59,334.24,0.267392
2025-06-19 07:00:00,9421120.0,496.49,614.46,732.87,110.53,136.52,163.54,426.1,0.34088
2025-06-19 08:00:00,9421623.0,733.52,969.91,1185.81,165.94,220.32,268.61,672.54,0.538032
2025-06-19 09:00:00,9422292.0,781.15,923.95,1093.75,175.75,207.17,245.82,642.23,0.513784
2025-06-19 10:00:00,9422905.0,775.97,912.5,1094.02,178.05,208.17,250.31,646.95,0.51756
2025-06-19 11:00:00,9423560.0,836.89,984.78,1194.66,188.18,221.31,268.54,697.82,0.5582560000000001
2025-06-19 12:00:00,9424187.0,750.8,962.01,1121.59,170.23,218.13,254.43,657.17,0.525736
2025-06-19 13:00:00,9424805.0,766.97,896.36,998.93,176.03,205.13,227.08,627.33,0.5018640000000001
2025-06-19 14:00:00,9425400.0,691.19,858.97,946.43,160.52,199.31,219.09,589.59,0.47167200000000004
2025-06-19 15:00:00,9426004.0,736.89,947.2,1068.54,169.71,218.36,245.29,649.18,0.5193439999999999
2025-06-19 16:00:00,9426661.0,779.89,929.51,1092.45,176.12,209.31,247.1,645.37,0.516296
2025-06-19 17:00:00,9427270.0,614.01,729.02,885.76,139.74,164.82,202.54,511.81,0.409448
2025-06-19 18:00:00,9427748.0,492.55,585.17,690.42,111.26,131.32,156.6,408.16,0.32652800000000004
2025-06-19 19:00:00,9428205.0,543.29,615.43,764.86,122.94,138.78,174.17,445.88,0.356704
2025-06-19 20:00:00,9428616.0,514.99,600.87,735.73,116.46,135.59,167.61,431.4,0.34512
2025-06-19 21:00:00,9429037.0,538.01,594.9,747.77,121.3,133.22,169.6,440.25,0.3522
2025-06-19 22:00:00,9429451.0,584.75,604.23,772.81,132.77,135.74,175.59,459.19,0.367352
2025-06-19 23:00:00,9429828.0,489.03,545.66,641.3,111.12,123.39,145.6,394.41,0.31552800000000003
2025-06-20 00:00:00,9430201.0,484.36,521.81,634.07,109.43,117.58,143.77,386.85,0.30948000000000003
2025-06-20 01:00:00,9430559.0,444.2,508.96,605.46,101.44,116.3,138.19,368.17,0.294536
2025-06-20 02:00:00,9430897.0,378.46,435.65,538.21,85.88,98.9,123.14,315.72,0.252576
2025-06-20 03:00:00,9431228.0,419.07,497.81,576.79,94.08,111.48,129.61,349.91,0.279928
2025-06-20 04:00:00,9431565.0,367.3,398.86,507.97,84.71,91.74,117.15,298.31,0.238648
2025-06-20 05:00:00,9431883.0,435.69,491.81,602.86,98.34,109.93,135.71,358.74,0.286992
2025-06-20 06:00:00,9432220.0,434.68,486.95,598.3,99.75,111.68,138.02,360.74,0.288592
2025-06-20 07:00:00,9432556.0,482.52,582.38,679.42,108.78,130.97,153.41,401.37,0.321096
2025-06-20 08:00:00,9433018.0,667.15,830.04,991.67,152.22,188.98,226.65,580.21,0.464168
2025-06-20 09:00:00,9433627.0,755.77,945.53,1065.16,170.88,213.65,240.51,637.67,0.5101359999999999
2025-06-20 10:00:00,9434225.0,689.11,870.9,981.6,163.93,205.14,230.01,610.37,0.488296
2025-06-20 11:00:00,9434813.0,799.89,1035.75,1152.11,180.63,234.03,258.74,698.81,0.559048
2025-06-20 12:00:00,9435447.0,723.87,886.49,1055.06,165.86,202.18,241.35,621.03,0.496824
2025-06-20 13:00:00,9436041.0,653.87,773.38,895.77,149.8,176.67,204.88,544.54,0.43563199999999996
2025-06-20 14:00:00,9436605.0,677.17,829.95,957.99,155.22,190.0,218.91,578.32,0.46265600000000007
2025-06-20 15:00:00,9437219.0,719.12,903.8,972.13,165.88,208.66,223.68,609.68,0.48774399999999996
2025-06-20 16:00:00,9437818.0,772.1,946.44,1039.78,176.22,216.16,236.41,645.07,0.5160560000000001
2025-06-20 17:00:00,9438426.0,574.16,717.84,860.18,132.32,164.11,198.78,502.36,0.401888
2025-06-20 18:00:00,9438891.0,494.55,627.47,714.48,113.42,143.14,165.17,431.77,0.345416
2025-06-20 19:00:00,9439312.0,545.25,650.75,790.4,122.16,145.21,178.4,458.69,0.366952
2025-06-20 20:00:00,9439742.0,549.9,627.18,769.36,126.68,143.87,178.09,455.19,0.364152
2025-06-20 21:00:00,9440173.0,485.53,564.28,702.15,111.86,130.08,163.89,409.82,0.327856
2025-06-20 22:00:00,9440571.0,435.32,539.46,583.02,98.46,122.64,133.85,361.08,0.288864
2025-06-20 23:00:00,9440948.0,462.62,537.9,621.79,104.82,121.55,141.04,380.24,0.304192
2025-06-21 00:00:00,9441315.0,454.9,526.43,634.33,102.98,118.98,143.84,377.82,0.30225599999999997
2025-06-21 01:00:00,9441646.0,442.96,528.39,601.99,99.41,118.64,135.09,365.91,0.29272800000000004
2025-06-21 02:00:00,9441996.0,378.89,447.91,525.04,86.95,103.34,121.33,317.03,0.25362399999999996
2025-06-21 03:00:00,9442334.0,408.99,476.5,557.08,92.89,108.16,126.6,337.88,0.270304
2025-06-21 04:00:00,9442662.0,390.36,458.85,524.44,88.95,104.02,119.29,321.79,0.257432
2025-06-21 05:00:00,9442996.0,368.44,433.25,515.62,82.95,98.2,116.77,304.92,0.24393600000000001
2025-06-21 06:00:00,9443329.0,415.82,478.59,594.5,93.35,106.84,133.92,344.7,0.27576
2025-06-21 07:00:00,9443678.0,489.73,541.13,659.84,110.72,122.24,150.17,387.93,0.310344
2025-06-21 08:00:00,9444148.0,739.42,895.78,1031.4,166.33,202.58,231.85,617.91,0.494328
2025-06-21 09:00:00,9444758.0,689.26,881.99,985.22,156.03,200.16,223.89,590.48,0.472384
2025-06-21 10:00:00,9445337.0,698.12,883.53,1009.79,160.12,202.78,231.72,605.28,0.484224
2025-06-21 11:00:00,9445934.0,701.13,884.17,984.35,159.66,201.86,224.48,598.33,0.47866400000000003
2025-06-21 12:00:00,9446558.0,731.56,906.32,1074.4,166.96,206.27,245.32,632.55,0.5060399999999999
2025-06-21 13:00:00,9447134.0,758.15,901.74,1030.66,171.37,204.38,232.77,623.93,0.499144
2025-06-21 14:00:00,9447698.0,704.57,887.54,999.47,160.28,201.72,226.98,603.64,0.482912
2025-06-21 15:00:00,9448280.0,680.68,826.36,948.28,155.88,189.11,217.79,574.24,0.459392
2025-06-21 16:00:00,9448875.0,726.26,852.96,996.69,167.74,196.56,230.54,604.14,0.48331199999999996
2025-06-21 17:00:00,9449442.0,674.63,796.42,927.95,152.92,181.49,211.41,560.42,0.44833599999999996
2025-06-21 18:00:00,9449923.0,556.59,664.41,769.69,125.76,150.8,174.31,464.53,0.37162399999999995
2025-06-21 19:00:00,9450365.0,514.88,608.68,689.04,113.03,130.7,152.74,404.8,0.32384
2025-06-21 20:00:00,9450792.0,499.83,621.9,735.49,115.09,143.44,170.68,437.46,0.349968
2025-06-21 21:00:00,9451205.0,439.75,527.41,613.91,102.18,122.54,143.76,372.69,0.298152
2025-06-21 22:00:00,9451615.0,506.71,569.48,690.05,117.31,130.69,159.22,413.71,0.330968
2025-06-21 23:00:00,9451987.0,490.75,531.67,646.07,110.36,118.82,144.79,387.23,0.309784
2025-06-22 00:00:00,9452343.0,431.59,486.75,590.79,97.63,110.16,134.18,352.64,0.282112
2025-06-22 01:00:00,9452695.0,419.83,552.27,589.18,93.56,124.82,131.5,365.26,0.29220799999999997
2025-06-22 02:00:00,9453024.0,417.73,486.82,594.52,94.0,109.63,134.16,350.71,0.280568
2025-06-22 03:00:00,9453363.0,428.65,504.51,576.66,96.34,113.57,129.92,354.98,0.283984
2025-06-22 04:00:00,9453686.0,366.47,436.84,518.24,84.2,100.07,119.71,311.44,0.24915199999999998
2025-06-22 05:00:00,9454014.0,462.73,540.18,643.2,102.81,120.14,142.86,388.58,0.310864
2025-06-22 06:00:00,9454356.0,396.35,432.99,532.03,90.83,99.29,122.63,320.57,0.256456
2025-06-22 07:00:00,9454700.0,533.24,634.4,716.45,119.58,142.86,160.5,440.42,0.35233600000000004
2025-06-22 08:00:00,9455158.0,679.29,866.43,990.45,153.97,196.9,224.73,587.72,0.47017600000000004
2025-06-22 09:00:00,9455757.0,671.64,848.22,972.83,152.44,193.05,221.24,575.96,0.460768
2025-06-22 10:00:00,9456329.0,663.76,845.3,960.81,151.65,193.45,219.72,574.74,0.45979200000000003
2025-06-22 11:00:00,9456914.0,746.61,936.89,1038.59,165.6,207.63,228.89,619.56,0.495648
2025-06-22 12:00:00,9457515.0,688.44,881.0,988.07,157.19,201.53,225.57,595.05,0.47603999999999996
2025-06-22 13:00:00,9458070.0,696.93,828.75,984.79,157.93,187.0,222.42,584.3,0.46743999999999997
2025-06-22 14:00:00,9458605.0,678.49,859.28,999.76,153.94,194.26,226.2,586.84,0.469472
2025-06-22 15:00:00,9459194.0,741.35,937.09,1068.54,167.82,211.98,241.08,639.56,0.511648
2025-06-22 16:00:00,9459779.0,754.12,917.14,1038.84,172.04,208.74,236.18,632.6,0.50608
2025-06-22 17:00:00,9460358.0,579.93,691.56,845.61,132.68,157.51,194.27,491.46,0.39316799999999996
2025-06-22 18:00:00,9460834.0,559.74,690.77,781.3,127.0,156.47,177.2,476.16,0.38092800000000004
2025-06-22 19:00:00,9461265.0,480.46,604.26,732.17,110.0,138.67,169.14,425.73,0.340584
2025-06-22 20:00:00,9461699.0,489.17,568.22,723.98,112.75,130.74,168.33,417.8,0.33424
2025-06-22 21:00:00,9462112.0,503.17,612.49,704.95,114.31,139.88,161.53,427.51,0.342008
2025-06-22 22:00:00,9462530.0,508.89,570.98,710.51,116.02,129.98,162.97,423.23,0.338584
2025-06-22 23:00:00,9462918.0,491.77,588.6,669.88,112.59,134.9,153.16,414.03,0.33122399999999996
2025-06-23 00:00:00,9463293.0,430.92,484.16,584.23,95.87,108.04,130.7,345.23,0.27618400000000004
2025-06-23 01:00:00,9463620.0,443.15,495.07,588.26,100.59,112.69,133.69,360.57,0.288456
2025-06-23 02:00:00,9463936.0,455.24,535.79,629.06,101.81,120.09,140.15,379.5,0.3036
2025-06-23 03:00:00,9464262.0,374.34,444.15,524.83,83.62,100.25,118.28,311.18,0.248944
2025-06-23 04:00:00,9464593.0,369.72,432.43,529.61,83.17,97.85,120.09,308.84,0.24707199999999999
2025-06-23 05:00:00,9464918.0,415.67,479.18,583.66,92.95,107.19,130.22,344.45,0.27555999999999997
2025-06-23 06:00:00,9465239.0,436.85,480.63,600.92,98.65,108.39,136.45,351.18,0.280944
2025-06-23 07:00:00,9465588.0,468.74,582.17,697.3,104.2,129.31,156.14,400.78,0.32062399999999996
2025-06-23 08:00:00,9466066.0,639.07,786.76,962.99,145.66,178.61,219.72,553.58,0.44286400000000004
2025-06-23 09:00:00,9466717.0,760.47,897.93,1038.62,173.96,205.08,237.57,628.06,0.502448
2025-06-23 10:00:00,9467317.0,764.87,941.38,1092.27,174.71,214.21,249.18,646.35,0.51708
2025-06-23 11:00:00,9467983.0,811.11,1012.65,1179.16,183.65,228.72,266.02,691.83,0.5534640000000001
2025-06-23 12:00:00,9468649.0,772.45,955.93,1101.96,175.72,217.12,251.05,653.94,0.5231520000000001
2025-06-23 13:00:00,9469275.0,718.09,857.9,977.5,163.15,193.78,220.86,589.89,0.471912
2025-06-23 14:00:00,9469869.0,778.05,890.49,1027.83,178.51,203.7,234.48,626.22,0.500976
2025-06-23 15:00:00,9470510.0,816.54,960.85,1077.57,187.47,220.07,246.64,664.26,0.531408
2025-06-23 16:00:00,9471199.0,924.94,1093.5,1244.45,209.74,247.66,280.19,756.15,0.60492
2025-06-23 17:00:00,9471837.0,709.19,787.72,969.49,161.5,178.45,220.89,569.83,0.45586400000000005
2025-06-23 18:00:00,9472360.0,601.29,711.03,812.05,138.02,161.96,185.58,497.84,0.39827199999999996
2025-06-23 19:00:00,9472817.0,525.64,634.26,730.56,120.24,145.55,168.35,446.0,0.3568
2025-06-23 20:00:00,9473257.0,515.26,614.61,710.72,116.67,139.92,162.4,428.01,0.342408
2025-06-23 21:00:00,9473706.0,563.86,679.5,793.38,128.04,154.58,180.43,477.54,0.38203200000000004
2025-06-23 22:00:00,9474125.0,493.74,570.29,705.42,113.36,130.07,162.68,417.57,0.334056
2025-06-23 23:00:00,9474506.0,499.8,543.04,660.5,114.19,123.43,151.3,399.6,0.31968
2025-06-24 00:00:00,9474878.0,525.79,568.02,669.14,120.28,129.85,152.93,416.91,0.33352800000000005
2025-06-24 01:00:00,9475243.0,507.9,570.1,692.3,114.51,127.47,155.65,415.35,0.33228
2025-06-24 02:00:00,9475595.0,478.57,537.27,629.26,109.13,122.79,143.54,387.81,0.310248
2025-06-24 03:00:00,9475951.0,446.65,495.29,599.34,101.96,113.21,136.77,365.58,0.292464
2025-06-24 04:00:00,9476284.0,399.89,465.05,558.98,91.17,105.83,127.84,334.07,0.267256
2025-06-24 05:00:00,9476605.0,388.66,461.21,571.95,87.23,103.91,128.94,329.75,0.2638
2025-06-24 06:00:00,9476927.0,401.51,469.5,557.4,90.75,105.64,125.88,329.68,0.263744
2025-06-24 07:00:00,9477269.0,470.45,608.59,655.25,106.42,137.92,148.16,403.75,0.323
2025-06-24 08:00:00,9477765.0,700.88,948.95,1099.86,158.55,215.63,248.81,635.63,0.508504
2025-06-24 09:00:00,9478400.0,728.23,928.01,1122.64,164.96,211.55,255.44,644.11,0.515288
2025-06-24 11:00:00,9479657.0,789.37,951.65,1134.98,180.38,215.98,259.08,662.61,0.530088
2025-06-24 12:00:00,9480295.0,809.49,923.69,1098.53,184.61,209.87,250.44,651.49,0.521192
2025-06-24 13:00:00,9480938.0,768.94,923.5,1029.62,175.98,211.71,234.92,637.08,0.509664
2025-06-24 14:00:00,9481529.0,754.63,905.57,1067.73,174.27,208.16,245.93,639.56,0.511648
2025-06-24 15:00:00,9482156.0,816.41,1040.9,1144.69,186.64,240.61,260.54,705.43,0.564344
2025-06-24 16:00:00,9482801.0,788.88,962.97,1131.85,181.33,221.16,259.31,675.33,0.5402640000000001
2025-06-24 17:00:00,9483440.0,673.2,868.56,990.1,153.95,198.53,226.44,590.41,0.47232799999999997
2025-06-24 18:00:00,9483987.0,587.81,707.35,845.83,136.61,160.65,195.53,503.66,0.402928
2025-06-24 19:00:00,9484454.0,586.62,722.92,808.01,135.15,167.44,186.9,498.75,0.399
2025-06-24 20:00:00,9484898.0,549.99,676.08,794.19,124.34,153.41,180.79,468.52,0.374816
2025-06-24 22:00:00,9485795.0,563.22,586.09,718.21,129.37,134.26,165.73,438.9,0.35112
2025-06-24 23:00:00,9486218.0,450.02,534.41,617.13,103.18,122.59,142.05,375.1,0.30008
2025-06-25 00:00:00,9486610.0,466.6,490.86,606.8,106.63,112.0,139.51,368.0,0.2944
2025-06-25 01:00:00,9486980.0,423.67,484.28,601.44,96.88,110.89,138.11,354.97,0.283976
2025-06-25 02:00:00,9487346.0,383.35,462.65,552.89,87.31,107.18,126.93,329.17,0.263336
2025-06-25 03:00:00,9487679.0,415.19,484.35,573.49,93.98,110.22,130.41,344.53,0.275624
2025-06-25 04:00:00,9488019.0,430.95,502.98,593.99,97.76,114.07,134.94,358.15,0.28652
2025-06-25 05:00:00,9488369.0,411.17,451.19,549.57,93.18,102.39,125.43,326.77,0.261416
2025-06-25 06:00:00,9488736.0,499.03,591.88,667.59,110.85,131.54,147.57,405.39,0.324312
2025-06-25 07:00:00,9489109.0,492.63,609.27,741.75,110.67,136.79,166.88,428.84,0.343072
2025-06-25 08:00:00,9489604.0,680.84,855.91,1018.56,153.44,193.48,230.66,588.29,0.470632
2025-06-25 09:00:00,9490241.0,709.35,907.82,1071.35,162.0,206.42,245.0,621.65,0.49732
2025-06-25 10:00:00,9490869.0,717.2,873.18,1037.66,162.78,196.99,235.56,603.22,0.482576
2025-06-25 12:00:00,9492159.0,799.83,947.09,1168.5,182.06,213.68,260.33,666.94,0.533552
2025-06-25 13:00:00,9492825.0,780.75,904.33,1048.14,179.96,207.71,239.78,643.77,0.515016
